[
	{
		"id": "did:iota:ebsi:0xb55e92acd32e2061c6bb9807ef51b770f307e8c4baf9a53b7568f957e249cc81",
		"type": "Participant",
		"lrnType": "LEI_CODE",
		"countryCode": "KE",
		"trustedIssuerId": "did:web:iotaledger.github.io:ebsi-stardust-components:public:gaia-x:web:twin:dch",
		"legalName": "Kenya Revenue Authority",
		"validFrom": "2024-09-26T08:39:20.538Z",
		"validUntil": "2024-12-25T09:39:20.523Z",
		"dateCreated": "2024-09-26T08:42:02.544Z",
		"evidences": [
			"https://iotaledger.github.io/ebsi-stardust-components/public/gaia-x/web/credentials/kra/legalRegistrationNumberVC.json",
			"https://iotaledger.github.io/ebsi-stardust-components/public/gaia-x/web/credentials/kra/termsAndConditionsVC.json",
			"https://iotaledger.github.io/ebsi-stardust-components/public/gaia-x/web/credentials/kra/legalParticipantVC.json"
		]
	},
	{
		"id": "did:iota:ebsi:0x7623ca6e55fdc030a0d8deafaf1e0673d4a02cbc5e3c8c08b42305273fce3280",
		"type": "Participant",
		"lrnType": "LEI_CODE",
		"countryCode": "KE",
		"trustedIssuerId": "did:web:iotaledger.github.io:ebsi-stardust-components:public:gaia-x:web:twin:dch",
		"legalName": "Agriculture and Food Authority",
		"validFrom": "2024-09-26T16:03:42.011Z",
		"validUntil": "2024-12-25T17:03:42.005Z",
		"dateCreated": "2024-09-26T16:31:22.228Z",
		"evidences": [
			"https://iotaledger.github.io/ebsi-stardust-components/public/gaia-x/web/credentials/afa/legalParticipantVC.json",
			"https://iotaledger.github.io/ebsi-stardust-components/public/gaia-x/web/credentials/afa/legalRegistrationNumberVC.json",
			"https://iotaledger.github.io/ebsi-stardust-components/public/gaia-x/web/credentials/afa/termsAndConditionsVC.json"
		]
	},
	{
		"id": "did:iota:ebsi:0x3edd589d510d58c211237c79755314d81c228b8bd95559f9ad35911736b3a4aa",
		"type": "Participant",
		"lrnType": "LEI_CODE",
		"countryCode": "GB",
		"trustedIssuerId": "did:web:iotaledger.github.io:ebsi-stardust-components:public:gaia-x:web:twin:dch",
		"legalName": "Government of the United Kingdom",
		"validFrom": "2024-09-17T07:44:01.749Z",
		"validUntil": "2024-12-16T08:44:01.729Z",
		"dateCreated": "2024-09-27T09:42:25.054Z",
		"evidences": [
			"https://iotaledger.github.io/ebsi-stardust-components/public/gaia-x/web/credentials/uk-borderforce/legalParticipantVC.json",
			"https://iotaledger.github.io/ebsi-stardust-components/public/gaia-x/web/credentials/uk-borderforce/termsAndConditionsVC.json",
			"https://iotaledger.github.io/ebsi-stardust-components/public/gaia-x/web/credentials/uk-borderforce/legalRegistrationNumberVC.json"
		]
	},
	{
		"id": "did:iota:ebsi:0xb62afcd0150d048ea0679af61d28d0eb1ad1b969f411b03997194df232b27383",
		"type": "Participant",
		"lrnType": "LEI_CODE",
		"countryCode": "KE",
		"trustedIssuerId": "did:web:iotaledger.github.io:ebsi-stardust-components:public:gaia-x:web:twin:dch",
		"legalName": "Kenya Trade Network Agency",
		"validFrom": "2024-09-17T06:03:10.186Z",
		"validUntil": "2024-12-16T07:03:10.176Z",
		"dateCreated": "2024-09-27T10:22:47.952Z",
		"evidences": [
			"https://iotaledger.github.io/ebsi-stardust-components/public/gaia-x/web/credentials/kentrade/legalParticipantVC.json",
			"https://iotaledger.github.io/ebsi-stardust-components/public/gaia-x/web/credentials/kentrade/termsAndConditionsVC.json",
			"https://iotaledger.github.io/ebsi-stardust-components/public/gaia-x/web/credentials/kentrade/legalRegistrationNumberVC.json"
		]
	},
	{
		"id": "did:iota:ebsi:0x7e5bb83a6c5e2a656e88fcce9460491431e18b302e4f72edac20309a4a1b2896",
		"type": "Participant",
		"lrnType": "LEI_CODE",
		"countryCode": "KE",
		"trustedIssuerId": "did:web:iotaledger.github.io:ebsi-stardust-components:public:gaia-x:web:twin:dch",
		"legalName": "Kenya Health Inspectorate Service",
		"validFrom": "2024-09-17T06:37:18.089Z",
		"validUntil": "2024-12-16T07:37:18.082Z",
		"dateCreated": "2024-10-02T14:26:26.606Z",
		"evidences": [
			"https://iotaledger.github.io/ebsi-stardust-components/public/gaia-x/web/credentials/kephis/legalParticipantVC.json",
			"https://iotaledger.github.io/ebsi-stardust-components/public/gaia-x/web/credentials/kephis/termsAndConditionsVC.json",
			"https://iotaledger.github.io/ebsi-stardust-components/public/gaia-x/web/credentials/kephis/legalRegistrationNumberVC.json"
		]
	},
	{
		"id": "https://vwt-1.example.org/credentials/compliance-credential.json",
		"type": "Participant",
		"lrnType": "LEI_CODE",
		"countryCode": "SE",
		"trustedIssuerId": "did:web:iotaledger.github.io:ebsi-stardust-components:public:gaia-x:web:twin:dch",
		"legalName": "Example Virtual Watch Tower 1",
		"validFrom": "2024-10-16T15:27:39.088Z",
		"validUntil": "2025-01-14T16:27:39.081Z",
		"dateCreated": "2024-10-17T07:40:17.899Z",
		"evidences": [
			"https://jmcanterafonseca-iota.github.io/virtual-watch-tower/public/credentials/vwt-1/legalParticipantVC.json",
			"https://jmcanterafonseca-iota.github.io/virtual-watch-tower/public/credentials/vwt-1/legalRegistrationNumberVC.json",
			"https://jmcanterafonseca-iota.github.io/virtual-watch-tower/public/credentials/vwt-1/termsAndConditionsVC.json"
		]
	},
	{
		"id": "did:iota:ebsi:0x74e4ac1abc064b3fea1feb08dde20220418c4abdb478738075b869100143e408",
		"type": "Participant",
		"lrnType": "LEI_CODE",
		"countryCode": "SE",
		"trustedIssuerId": "did:web:iotaledger.github.io:ebsi-stardust-components:public:gaia-x:web:twin:dch",
		"legalName": "Example Virtual Watch Tower 1",
		"validFrom": "2024-10-16T15:27:39.088Z",
		"validUntil": "2025-01-14T16:27:39.081Z",
		"dateCreated": "2024-10-17T07:43:22.175Z",
		"evidences": [
			"https://jmcanterafonseca-iota.github.io/virtual-watch-tower/public/credentials/vwt-1/legalParticipantVC.json",
			"https://jmcanterafonseca-iota.github.io/virtual-watch-tower/public/credentials/vwt-1/legalRegistrationNumberVC.json",
			"https://jmcanterafonseca-iota.github.io/virtual-watch-tower/public/credentials/vwt-1/termsAndConditionsVC.json"
		]
	},
	{
		"id": "did:iota:ebsi:0x4fd47838348d496f29ee0b1c5268c542ad0e9d306eec527c6f9c4e528b8ac1e1",
		"type": "Participant",
		"lrnType": "LEI_CODE",
		"countryCode": "SE",
		"trustedIssuerId": "did:web:iotaledger.github.io:ebsi-stardust-components:public:gaia-x:web:twin:dch",
		"legalName": "Example Virtual Watch Tower 2",
		"validFrom": "2024-10-17T11:16:47.741Z",
		"validUntil": "2025-01-15T12:16:47.735Z",
		"dateCreated": "2024-10-17T11:35:49.842Z",
		"evidences": [
			"https://jmcanterafonseca-iota.github.io/virtual-watch-tower/public/credentials/vwt-2/legalParticipantVC.json",
			"https://jmcanterafonseca-iota.github.io/virtual-watch-tower/public/credentials/vwt-2/legalRegistrationNumberVC.json",
			"https://jmcanterafonseca-iota.github.io/virtual-watch-tower/public/credentials/vwt-2/termsAndConditionsVC.json"
		]
	},
	{
		"id": "did:iota:ebsi:0xd078107b06e0691d602fb42e62f4e86d58dcbf2c209861b6d1f19983a0d2f14e",
		"type": "Participant",
		"lrnType": "LEI_CODE",
		"countryCode": "SE",
		"trustedIssuerId": "did:web:iotaledger.github.io:ebsi-stardust-components:public:gaia-x:web:twin:dch",
		"legalName": "Example Virtual Watch Tower 3",
		"validFrom": "2024-10-17T11:16:47.741Z",
		"validUntil": "2025-01-15T12:16:47.735Z",
		"dateCreated": "2024-11-21T10:35:49.842Z",
		"evidences": [
		]
	}
]