[
	{
		"id": "https://tlip-nodes.example.org/kra-1",
		"type": "DataResource",
		"producedBy": "did:iota:ebsi:0xb55e92acd32e2061c6bb9807ef51b770f307e8c4baf9a53b7568f957e249cc81",
		"copyrightOwnedBy": "did:iota:ebsi:0xb55e92acd32e2061c6bb9807ef51b770f307e8c4baf9a53b7568f957e249cc81",
		"license": "http://licenses.example.org/tlip-node",
		"resourcePolicy": {
			"@context": "http://www.w3.org/ns/odrl.jsonld",
			"@type": "Policy",
			"permission": [
				{
					"action": "use",
					"assigner": "did:iota:ebsi:0xb55e92acd32e2061c6bb9807ef51b770f307e8c4baf9a53b7568f957e249cc81",
					"target": "https://tlip-nodes.example.org/kra-1"
				}
			],
			"uid": "http://example.com/policy:1010"
		},
		"exposedThrough": "http://host.docker.internal:4020/tlip-connector",
		"validFrom": "2024-09-26T06:12:27Z",
		"validUntil": "2025-09-26T06:12:27Z",
		"dateCreated": "2024-09-27T15:08:00.287Z",
		"evidences": [
			"https://iotaledger.github.io/ebsi-stardust-components/public/gaia-x/web/credentials/kra/tlipNodeResourceVC.json"
		]
	},
	{
		"id": "https://kra.services.example.org/export-declaration",
		"type": "DataResource",
		"producedBy": "did:iota:ebsi:0xb55e92acd32e2061c6bb9807ef51b770f307e8c4baf9a53b7568f957e249cc81",
		"copyrightOwnedBy": "did:iota:ebsi:0xb55e92acd32e2061c6bb9807ef51b770f307e8c4baf9a53b7568f957e249cc81",
		"license": "http://licenses.example.org/tlip-docs",
		"resourcePolicy": {
			"@context": "http://www.w3.org/ns/odrl.jsonld",
			"@type": "Policy",
			"permission": [
				{
					"action": "extract",
					"assigner": "did:iota:ebsi:0xb55e92acd32e2061c6bb9807ef51b770f307e8c4baf9a53b7568f957e249cc81",
					"target": {
						"documentType": "https://vocabulary.uncefact.org/DocumentCodeList#423",
						"name": "Export Declaration",
						"type": "Document"
					}
				}
			],
			"uid": "http://example.com/policy:1010"
		},
		"exposedThrough": "https://iotaledger.github.io/ebsi-stardust-components/public/doc-repo/kra",
		"validFrom": "2024-09-26T07:30:03Z",
		"validUntil": "2025-09-26T07:30:03Z",
		"dateCreated": "2024-09-27T15:08:00.289Z",
		"evidences": [
			"https://iotaledger.github.io/ebsi-stardust-components/public/gaia-x/web/credentials/kra/exportDeclarationVC.json"
		]
	},
	{
		"id": "https://tlip-nodes.example.org/uk-borderforce-1",
		"type": "DataResource",
		"producedBy": "did:iota:ebsi:0x3edd589d510d58c211237c79755314d81c228b8bd95559f9ad35911736b3a4aa",
		"copyrightOwnedBy": "did:iota:ebsi:0x3edd589d510d58c211237c79755314d81c228b8bd95559f9ad35911736b3a4aa",
		"license": "http://licenses.example.org/tlip-node",
		"resourcePolicy": {
			"@context": "http://www.w3.org/ns/odrl.jsonld",
			"@type": "Policy",
			"permission": [
				{
					"action": "use",
					"assigner": "did:iota:ebsi:0x3edd589d510d58c211237c79755314d81c228b8bd95559f9ad35911736b3a4aa",
					"target": "https://tlip-nodes.example.org/uk-borderforce-1"
				}
			],
			"uid": "http://example.com/policy:1010"
		},
		"exposedThrough": "http://host.docker.internal:4040/tlip-connector",
		"validFrom": "2024-09-26T06:43:08Z",
		"validUntil": "2025-09-26T06:43:08Z",
		"dateCreated": "2024-09-27T10:28:02.627Z",
		"evidences": [
			"https://iotaledger.github.io/ebsi-stardust-components/public/gaia-x/web/credentials/uk-borderforce/tlipNodeResourceVC.json"
		]
	},
	{
		"id": "https://tlip-nodes.example.org/kentrade-1",
		"type": "DataResource",
		"producedBy": "did:iota:ebsi:0xb62afcd0150d048ea0679af61d28d0eb1ad1b969f411b03997194df232b27383",
		"copyrightOwnedBy": "did:iota:ebsi:0xb62afcd0150d048ea0679af61d28d0eb1ad1b969f411b03997194df232b27383",
		"license": "http://licenses.example.org/tlip-node",
		"resourcePolicy": {
			"@context": "http://www.w3.org/ns/odrl.jsonld",
			"@type": "Policy",
			"permission": [
				{
					"action": "use",
					"assigner": "did:iota:ebsi:0xb62afcd0150d048ea0679af61d28d0eb1ad1b969f411b03997194df232b27383",
					"target": "https://tlip-nodes.example.org/kentrade-1"
				}
			],
			"uid": "http://example.com/policy:1010"
		},
		"exposedThrough": "http://host.docker.internal:4000/tlip-connector",
		"validFrom": "2024-09-25T13:13:43Z",
		"validUntil": "2025-09-25T13:13:43Z",
		"dateCreated": "2024-09-27T14:38:37.968Z",
		"evidences": [
			"https://iotaledger.github.io/ebsi-stardust-components/public/gaia-x/web/credentials/kentrade/tlipNodeResourceVC.json"
		]
	},
	{
		"id": "https://kentrade.services.example.org/consignment-details",
		"type": "DataResource",
		"producedBy": "did:iota:ebsi:0xb62afcd0150d048ea0679af61d28d0eb1ad1b969f411b03997194df232b27383",
		"copyrightOwnedBy": "id:iota:ebsi:0xb62afcd0150d048ea0679af61d28d0eb1ad1b969f411b03997194df232b27383",
		"license": "http://licenses.example.org/tlip-docs",
		"resourcePolicy": {
			"@context": "http://www.w3.org/ns/odrl.jsonld",
			"@type": "Policy",
			"permission": [
				{
					"action": "extract",
					"assigner": "did:iota:ebsi:0xb62afcd0150d048ea0679af61d28d0eb1ad1b969f411b03997194df232b27383",
					"target": {
						"documentType": "https://vocabulary.uncefact.org/DocumentCodeList#337",
						"name": "Consignment Details",
						"type": "Document"
					}
				}
			],
			"uid": "http://example.com/policy:1010"
		},
		"exposedThrough": "https://iotaledger.github.io/ebsi-stardust-components/public/doc-repo/kentrade",
		"validFrom": "2024-09-26T07:33:30Z",
		"validUntil": "2025-09-26T07:33:30Z",
		"dateCreated": "2024-09-27T14:38:37.970Z",
		"evidences": [
			"https://iotaledger.github.io/ebsi-stardust-components/public/gaia-x/web/credentials/kentrade/consignmentDetailsResourceVC.json"
		]
	},
	{
		"id": "https://kephis.services.example.org/phyto",
		"type": "DataResource",
		"producedBy": "did:iota:ebsi:0x7e5bb83a6c5e2a656e88fcce9460491431e18b302e4f72edac20309a4a1b2896",
		"copyrightOwnedBy": "did:iota:ebsi:0x7e5bb83a6c5e2a656e88fcce9460491431e18b302e4f72edac20309a4a1b2896",
		"license": "http://licenses.example.org/tlip-docs",
		"resourcePolicy": {
			"@context": "http://www.w3.org/ns/odrl.jsonld",
			"@type": "Policy",
			"permission": [
				{
					"action": "extract",
					"assignee": "did:iota:ebsi:0xb62afcd0150d048ea0679af61d28d0eb1ad1b969f411b03997194df232b27383",
					"assigner": "did:iota:ebsi:0x7e5bb83a6c5e2a656e88fcce9460491431e18b302e4f72edac20309a4a1b2896",
					"target": {
						"documentType": "https://vocabulary.uncefact.org/DocumentCodeList#851",
						"name": "Phyto Certificate",
						"type": "Document"
					}
				}
			],
			"uid": "http://example.com/policy:1010"
		},
		"exposedThrough": "https://iotaledger.github.io/ebsi-stardust-components/public/doc-repo/kephis",
		"validFrom": "2024-09-26T07:20:54Z",
		"validUntil": "2025-09-26T07:20:54Z",
		"dateCreated": "2024-10-04T09:51:25.032Z",
		"evidences": [
			"https://iotaledger.github.io/ebsi-stardust-components/public/gaia-x/web/credentials/kephis/phytoResourceVC.json"
		]
	},
	{
		"id": "https://tlip-nodes.example.org/vwt-1",
		"type": "DataResource",
		"producedBy": "did:iota:ebsi:0x74e4ac1abc064b3fea1feb08dde20220418c4abdb478738075b869100143e408",
		"copyrightOwnedBy": "did:iota:ebsi:0x74e4ac1abc064b3fea1feb08dde20220418c4abdb478738075b869100143e408",
		"license": "http://licenses.example.org/tlip-node",
		"resourcePolicy": {
			"@context": "http://www.w3.org/ns/odrl.jsonld",
			"@type": "Policy",
			"permission": [
				{
					"action": "use",
					"assigner": "did:iota:ebsi:0x74e4ac1abc064b3fea1feb08dde20220418c4abdb478738075b869100143e408",
					"target": "https://tlip-nodes.example.org/vwt-1"
				}
			],
			"uid": "http://example.com/policy:1010"
		},
		"exposedThrough": "http://host.docker.internal:4090",
		"validFrom": "2024-10-24T11:53:13Z",
		"validUntil": "2025-10-24T11:53:13Z",
		"dateCreated": "2024-10-24T12:10:20.141Z",
		"evidences": [
			"https://jmcanterafonseca-iota.github.io/virtual-watch-tower/public/credentials/vwt-1/tlipNodeResourceVC.json"
		]
	}
]