[
	{
		"id": "https://serviceofferings.example.org/kra/1234",
		"type": "ServiceOffering",
		"providedBy": "did:iota:ebsi:0xb55e92acd32e2061c6bb9807ef51b770f307e8c4baf9a53b7568f957e249cc81",
		"servicePolicy": {
			"@context": "http://www.w3.org/ns/odrl.jsonld",
			"permission": [
				{
					"action": "view",
					"assignee": [
						"did:iota:ebsi:0x373d23ba4e92548d68c814f6833f4bdbfcf030bbb8f49b0c7f87bf126b8df1f7",
						"did:iota:ebsi:0x3edd589d510d58c211237c79755314d81c228b8bd95559f9ad35911736b3a4aa",
						"did:iota:ebsi:0xb62afcd0150d048ea0679af61d28d0eb1ad1b969f411b03997194df232b27383"
					],
					"assigner": "did:iota:ebsi:0xb55e92acd32e2061c6bb9807ef51b770f307e8c4baf9a53b7568f957e249cc81",
					"target": {
						"documentType": "https://vocabulary.uncefact.org/DocumentCodeList#423",
						"issueLocation": {
							"countryName": "KE"
						},
						"name": "Export Declaration",
						"type": "Document"
					}
				}
			],
			"profile": "http://example.com/odrl:profile:01",
			"type": "Agreement",
			"uid": "http://policy.example.com/policy:1012"
		},
		"name": "KRA - Consignment Service ",
		"endpointURL": "http://localhost:4000/tlip-connector",
		"validFrom": "2024-09-27T14:55:48Z",
		"validUntil": "2025-09-27T14:55:48Z",
		"dateCreated": "2024-09-27T15:08:00.284Z",
		"evidences": [
			"https://iotaledger.github.io/ebsi-stardust-components/public/gaia-x/web/credentials/kra/serviceOfferingVC.json"
		],
		"aggregationOfResources": [
			"https://tlip-nodes.example.org/kra-1",
			"https://kra.services.example.org/export-declaration"
		]
	},
	{
		"id": "https://serviceofferings.example.org/uk-borderforce/1234",
		"type": "ServiceOffering",
		"providedBy": "did:iota:ebsi:0x3edd589d510d58c211237c79755314d81c228b8bd95559f9ad35911736b3a4aa",
		"servicePolicy": {
			"@context": "http://www.w3.org/ns/odrl.jsonld",
			"permission": [
				{
					"action": "view",
					"assignee": "did:iota:ebsi:0xb55e92acd32e2061c6bb9807ef51b770f307e8c4baf9a53b7568f957e249cc81",
					"assigner": "did:iota:ebsi:0x3edd589d510d58c211237c79755314d81c228b8bd95559f9ad35911736b3a4aa",
					"target": {
						"documentType": "https://vocabulary.uncefact.org/DocumentCodeList#496",
						"issueLocation": {
							"countryName": "UK"
						},
						"name": "Import Declaration",
						"type": "Document"
					}
				}
			],
			"profile": "http://example.com/odrl:profile:01",
			"type": "Agreement",
			"uid": "http://policy.example.com/policy:1012"
		},
		"name": "UK Border Force - Consignment Service ",
		"endpointURL": "http://localhost:4040/tlip-connector",
		"validFrom": "2024-09-26T07:03:51Z",
		"validUntil": "2025-09-26T07:03:51Z",
		"dateCreated": "2024-09-27T10:28:02.623Z",
		"evidences": [
			"https://iotaledger.github.io/ebsi-stardust-components/public/gaia-x/web/credentials/uk-borderforce/serviceOfferingVC.json"
		],
		"aggregationOfResources": [
			"https://tlip-nodes.example.org/uk-borderforce-1"
		]
	},
	{
		"id": "https://serviceofferings.example.org/kentrade/1234",
		"type": "ServiceOffering",
		"providedBy": "did:iota:ebsi:0xb62afcd0150d048ea0679af61d28d0eb1ad1b969f411b03997194df232b27383",
		"servicePolicy": {
			"@context": "http://www.w3.org/ns/odrl.jsonld",
			"permission": [
				{
					"action": "view",
					"assignee": [
						"did:iota:ebsi:0x3edd589d510d58c211237c79755314d81c228b8bd95559f9ad35911736b3a4aa"
					],
					"assigner": "did:iota:ebsi:0xb62afcd0150d048ea0679af61d28d0eb1ad1b969f411b03997194df232b27383",
					"target": {
						"documentType": "https://vocabulary.uncefact.org/DocumentCodeList#423",
						"destinationCountry": {
							"countryId": "https://vocabulary.uncefact.org/CountryId#GB"
						},
						"name": "Export Declaration",
						"type": "Document"
					}
				},
				{
					"action": "view",
					"assignee": [
						"did:iota:ebsi:0x373d23ba4e92548d68c814f6833f4bdbfcf030bbb8f49b0c7f87bf126b8df1f7",
						"did:iota:ebsi:0x3edd589d510d58c211237c79755314d81c228b8bd95559f9ad35911736b3a4aa"
					],
					"assigner": "did:iota:ebsi:0xb62afcd0150d048ea0679af61d28d0eb1ad1b969f411b03997194df232b27383",
					"target": {
						"documentType": "https://vocabulary.uncefact.org/DocumentCodeList#851",
						"issueLocation": {
							"countryName": "KE"
						},
						"name": "Phyto - Kephis",
						"type": "Document"
					}
				},
				{
					"action": ["annotate","modify"],
					"assignee": [
						"did:iota:ebsi:0x7e5bb83a6c5e2a656e88fcce9460491431e18b302e4f72edac20309a4a1b2896",
						"did:iota:ebsi:0x7623ca6e55fdc030a0d8deafaf1e0673d4a02cbc5e3c8c08b42305273fce3280",
						"did:iota:ebsi:0xb55e92acd32e2061c6bb9807ef51b770f307e8c4baf9a53b7568f957e249cc81"
					],
					"assigner": "did:iota:ebsi:0xb62afcd0150d048ea0679af61d28d0eb1ad1b969f411b03997194df232b27383",
					"target": {
						"type": "Item"
					}
				},
				{
					"action": "view",
					"assignee": "did:iota:ebsi:0x373d23ba4e92548d68c814f6833f4bdbfcf030bbb8f49b0c7f87bf126b8df1f7",
					"assigner": "did:iota:ebsi:0xb62afcd0150d048ea0679af61d28d0eb1ad1b969f411b03997194df232b27383",
					"target": {
						"documentType": "https://vocabulary.uncefact.org/DocumentCodeList#856",
						"issueLocation": {
							"countryName": "KE"
						},
						"name": "Export Certificate - AFA",
						"type": "Document"
					}
				},
				{
					"action": "view",
					"assignee": "did:iota:ebsi:0x373d23ba4e92548d68c814f6833f4bdbfcf030bbb8f49b0c7f87bf126b8df1f7",
					"assigner": "did:iota:ebsi:0xb62afcd0150d048ea0679af61d28d0eb1ad1b969f411b03997194df232b27383",
					"target": {
						"documentType": "https://vocabulary.uncefact.org/DocumentCodeList#380",
						"issueLocation": {
							"countryName": "KE"
						},
						"name": "Commercial Invoice",
						"type": "Document"
					}
				},
				{
					"action": "view",
					"assignee": [
						"did:iota:ebsi:0x373d23ba4e92548d68c814f6833f4bdbfcf030bbb8f49b0c7f87bf126b8df1f7",
						"did:iota:ebsi:0x3edd589d510d58c211237c79755314d81c228b8bd95559f9ad35911736b3a4aa",
						"did:iota:ebsi:0xb55e92acd32e2061c6bb9807ef51b770f307e8c4baf9a53b7568f957e249cc81"
					],
					"assigner": "did:iota:ebsi:0xb62afcd0150d048ea0679af61d28d0eb1ad1b969f411b03997194df232b27383",
					"target": {
						"documentType": "https://vocabulary.uncefact.org/DocumentCodeList#337",
						"issueLocation": {
							"countryName": "KE"
						},
						"name": "Consignment Details",
						"type": "Document"
					}
				},
				{
					"action": "view",
					"assignee": [
						"did:iota:ebsi:0x3edd589d510d58c211237c79755314d81c228b8bd95559f9ad35911736b3a4aa"
					],
					"target": {
						"type": "Consignment",
						"name": "New Consignment",
						"destinationCountry": {
							"countryId": "https://vocabulary.uncefact.org/CountryId#GB"
						}
					},
					"assigner": "did:iota:ebsi:0xb62afcd0150d048ea0679af61d28d0eb1ad1b969f411b03997194df232b27383"
				},
				{
					"action": "view",
					"assignee": [
						"did:iota:ebsi:0xb55e92acd32e2061c6bb9807ef51b770f307e8c4baf9a53b7568f957e249cc81"
					],
					"target": {
						"type": "Consignment",
						"name": "New Consignment"
					},
					"assigner": "did:iota:ebsi:0xb62afcd0150d048ea0679af61d28d0eb1ad1b969f411b03997194df232b27383"
				}
			],
			"profile": "http://example.com/odrl:profile:01",
			"type": "Agreement",
			"uid": "http://policy.example.com/policy:1012"
		},
		"name": "Permits",
		"endpointURL": "http://localhost:4020/tlip-connector",
		"validFrom": "2024-09-27T14:31:02Z",
		"validUntil": "2025-09-27T14:31:02Z",
		"dateCreated": "2024-09-27T14:38:37.963Z",
		"evidences": [
			"https://iotaledger.github.io/ebsi-stardust-components/public/gaia-x/web/credentials/kentrade/serviceOfferingVC.json"
		],
		"aggregationOfResources": [
			"https://tlip-nodes.example.org/kentrade-1",
			"https://kentrade.services.example.org/consignment-details"
		]
	},
	{
		"id": "https://serviceofferings.example.org/vwt-1/1234",
		"type": "ServiceOffering",
		"providedBy": "did:iota:ebsi:0x74e4ac1abc064b3fea1feb08dde20220418c4abdb478738075b869100143e408",
		"servicePolicy": {
			"@context": "http://www.w3.org/ns/odrl.jsonld",
			"permission": [
				{
					"action": "view",
					"assignee": [
						"did:iota:ebsi:0x4fd47838348d496f29ee0b1c5268c542ad0e9d306eec527c6f9c4e528b8ac1e1"
					],
					"assigner": "did:iota:ebsi:0x74e4ac1abc064b3fea1feb08dde20220418c4abdb478738075b869100143e408",
					"target": {
						"name": "Item Details",
						"type": "Item",
						"freightForwarderParty": "did:iota:ebsi:0x4fd47838348d496f29ee0b1c5268c542ad0e9d306eec527c6f9c4e528b8ac1e1"
					}
				}
			],
			"profile": "http://example.com/odrl:profile:01",
			"type": "Agreement",
			"uid": "http://policy.example.com/policy:1012"
		},
		"name": "Item Details",
		"endpointURL": "http://host.docker.internal:4090",
		"validFrom": "2024-10-24T11:59:28Z",
		"validUntil": "2025-10-24T11:59:28Z",
		"dateCreated": "2024-10-24T12:10:20.138Z",
		"evidences": [
			"https://jmcanterafonseca-iota.github.io/virtual-watch-tower/public/credentials/vwt-1/serviceOfferingVC.json"
		],
		"aggregationOfResources": [
			"https://tlip-nodes.example.org/vwt-1"
		]
	},
	{
		"id": "https://serviceofferings.example.org/kentrade/7891",
		"type": "ServiceOffering",
		"providedBy": "did:iota:ebsi:0xb62afcd0150d048ea0679af61d28d0eb1ad1b969f411b03997194df232b27383",
		"servicePolicy": {
			"@context": "http://www.w3.org/ns/odrl.jsonld",
			"permission": [
				{
					"action": "view",
					"assignee": [
						"did:iota:ebsi:0x7e5bb83a6c5e2a656e88fcce9460491431e18b302e4f72edac20309a4a1b2896"
					],
					"assigner": "did:iota:ebsi:0xb62afcd0150d048ea0679af61d28d0eb1ad1b969f411b03997194df232b27383",
					"target": {
						"name": "Item Details",
						"type": "Item"
					}
				},
				{
					"action": "view",
					"assignee": [
						"did:iota:ebsi:0x3edd589d510d58c211237c79755314d81c228b8bd95559f9ad35911736b3a4aa"
					],
					"assigner": "did:iota:ebsi:0xb62afcd0150d048ea0679af61d28d0eb1ad1b969f411b03997194df232b27383",
					"target": {
						"name": "Item Details",
						"type": "Item",
						"destinationCountry": {
							"countryId": "https://vocabulary.uncefact.org/CountryId#GB"
						}
					}
				},
				{
					"action": ["view","annotate"],
					"assignee": [
						"did:iota:ebsi:0x4fd47838348d496f29ee0b1c5268c542ad0e9d306eec527c6f9c4e528b8ac1e1",
						"did:iota:ebsi:0xb55e92acd32e2061c6bb9807ef51b770f307e8c4baf9a53b7568f957e249cc81"
					],
					"assigner": "did:iota:ebsi:0xb62afcd0150d048ea0679af61d28d0eb1ad1b969f411b03997194df232b27383",
					"target": {
						"name": "Item Details",
						"type": "Item"
					}
				}
			],
			"profile": "http://example.com/odrl:profile:01",
			"type": "Agreement",
			"uid": "http://policy.example.com/policy:1012"
		},
		"name": "Item Details",
		"endpointURL": "http://localhost:4000",
		"validFrom": "2024-10-24T07:44:15Z",
		"validUntil": "2025-10-24T07:44:15Z",
		"dateCreated": "2024-10-24T08:50:29.837Z",
		"evidences": [
			"https://jmcanterafonseca-iota.github.io/virtual-watch-tower/public/credentials/kentrade/serviceOfferingVC.json"
		],
		"aggregationOfResources": [
			"https://tlip-nodes.example.org/kentrade"
		]
	}
]